3;Creative Labs Sound Blaster X AE-5 Plus PCIe;555,00
3;Creative Labs Sound Blaster X G5 zewnętrzna karta dźwiękowa;529,00
3;Creative Sound Blaster Audigy FX PCIe;39,00
3;Creative Sound Blaster Audigy RX PCIe;265,00
3;Creative Sound Blaster Play! 3 USB;75,00
3;Creative Sound Blaster X G1 zewnętrzna karta dźwiękowa;125,00
3;Karta Dźwiękowa Usb 7.1 Maono AU-Ad304 Premium;59,00
3;Dac 24bit/192khz Z Kablem Optycznym Wyjście Słuchawkowe V2;59,00
3;Mozos Wzmacniacz Bluetooth 100w Rms Karta Dźwiękowa Usb;39,00
3;Adapter Audio UGREEN CM383, USB do mini jack 3,5mm, AUX;39,00
3;Zewnętrzna karta dźwiękowa USB UGREEN 7.1 1m (srebrny);29,00
3;Unitek Karta dzwiękowa USB Stereo;47,00