13;Zestaw gracza 4w1 Fury Thunderstreak 3.0 US Layout;89,00
13;Zestaw 4W1 Genesis Cobalt 330 klawiatura, mysz, słuchawki i podkładka;205,00
13;Klawiatura i mysz Krux Office Wireless Set KXO-8400;75,00
13;Logitech 920-002563 Zestaw Desktop MK120;85,00
13;Logitech 920-003168 Zestaw Wireless Desktop MK220;109,00
13;Logitech 920-004508 Zestaw Wireless Desktop MK270;139,00
13;Logitech 920-007931 Zestaw Wireless MK235;135,00
13;Logitech 920-008685 Zestaw Wireless Desktop MK540 Advanced;235,00
13;MSI Vigor GK30 COMBO US;199,00
13;Zestaw bezprzewodowy 2w1 Natec Octopus US Klawiatura i mysz Bluetooth USB Aluminium;279,00
13;Zestaw bezprzewodowy 2w1 Natec Stingray Black i mysz optyczna US;209,00
13;Zestaw bezprzewodowy 4W1 Natec Tetra Black / Grey, klawiatura, mysz, głośniki i podkładka;73,00
13;Zestaw Redragon Combo S101-BA-2;77,00
13;Klawiatura numeryczna 4World Chocolate slim USB, czarna, przewodowa;169,00
13;Klawiatura A4TECH Bloody B188 USB;18,00
13;Klawiatura mechaniczna gamingowa podświetlana Anti-ghosting Baseus GAMO GK01 (GMGK01-01);99,00
13;Klawiatura Dell KB216 US czarna;79,00
13;Klawiatura gamingowa Ducky ONE 2 Mini, MX-Black, RGB , czarna, mechaniczna;49,00
13;Klawiatura gamingowa Ducky ONE 2 Mini, MX-Blue, RGB , czarna, mechaniczna;649,00
13;Klawiatura gamingowa Ducky ONE 2 Mini, MX-Brown, RGB, czarna, mechaniczna;649,00
13;Klawiatura gamingowa Ducky ONE 2 Mini, MX-Red, RGB, czarna, mechaniczna;649,00
13;Klawiatura gamingowa Ducky ONE 2 Mini, MX-Silent Red, RGB, czarna, mechaniczna;649,00
13;Klawiatura gamingowa Ducky ONE 2 Mini, MX-Speed Silver, RGB, czarna, mechaniczna;649,00
13;Klawiatura gamingowa Ducky ONE 2 SF, MX-Black, RGB, czarna, mechaniczna;649,00
13;Klawiatura gamingowa Ducky ONE 2 SF, MX-Blue, RGB, czarna, mechaniczna;699,00
13;Klawiatura gamingowa Ducky ONE 2 SF, MX-Brown, RGB, czarna, mechaniczna;699,00
13;Klawiatura gamingowa Ducky ONE 2 SF, MX-Red, RGB, czarna, mechaniczna;599,00
13;Klawiatura Fury Hellfire 2, podświetlana gamingowa;579,00
13;Klawiatura Fury Hurricane TKL podświetlana gamingowa;55,00
13;Klawiatura Fury Skyraider US, podświetlana gamingowa (NFU-1697);55,00
13;Klawiatura Fury Spitfire podświetlana gamingowa;47,90
13;Klawiatura Gembird KB-UMGL-01, dla graczy (US Layout);41,50
13;Klawiatura Genesis Lith 400 RGB X-Scissor Slim;51,90
13;Klawiatura Genesis Rhod 110 (NKG-0939);59,00
13;Klawiatura Genesis Rhod 300 RGB US, podświetlana dla graczy;140,00
13;Klawiatura Genesis Rhod 350 RGB, podświetlana gamingowa;209,00
13;Klawiatura Genesis Rhod 400 RGB, podświetlana dla graczy, NKG-0993;48,99
13;Klawiatura Genesis Rhod 420 RGB, podświetlana dla graczy, NKG-1234;55,00
13;Klawiatura Genesis RX85 RGB, podświetlana, mechaniczna dla graczy, Kailh Brown (NKG-0959);95,00
13;Klawiatura Hybrydowa Genesis Thor 210 RGB US Hybrydowa;99,00
13;Klawiatura Mechaniczna Genesis Thor 300 RGB Podświetlana Opro Brown;79,99
13;Klawiatura Mechaniczna Genesis Thor 300 RGB Podświetlana Opro Red;69,00
13;Klawiatura Mechaniczna Genesis Thor 300 TKL RGB Podświetlana Opro Red;99,49
13;Klawiatura Mechaniczna Genesis Thor 300 TKL US, zielone podświetlenie, Outemu Blue, Turniejowa (NKG-0945);99,90
13;Klawiatura Mechaniczna Genesis Thor 300 US, zielone podświetlenie, Outemu Blue (NKG-0947);369,00
13;Klawiatura Mechaniczna Genesis Thor 380 RGB Podświetlana Blue Switch US Layout;189,00
13;Klawiatura Mechaniczna Genesis Thor 400 RGB US Layout Red Switch;199,00
13;Klawiatura Mechaniczna Genesis Thor 401 RGB US Layout Brown Switch;239,00
13;Klawiatura Mechaniczna Genesis Thor 420 RGB Slim;219,00
13;Klawiatura gamingowa Gigabyte FORCE K81 Kailh Red, mechaniczna, mechaniczna;249,00
13;Klawiatura przewodowa Gigabyte AORUS K9 Gaming USB 2.0 Blue USI czarna, optyczna mechaniczna;229,00
13;Klawiatura przewodowa Gigabyte AORUS K9 Gaming USB 2.0 Red USI czarna, optyczna mechaniczna;349,00
13;Klawiatura gamingowa Krux Atax Pro RGB Gateron Blue, mechaniczna;409,00
13;Klawiatura gamingowa Krux Atax Pro RGB Gateron Brown, mechaniczna;389,00
13;Klawiatura gamingowa Krux Atax Pro RGB Gateron Red, mechaniczna;419,00
13;Klawiatura gamingowa Krux Atax Pro RGB Outemu Blue, mechaniczna;339,00
13;Klawiatura gamingowa Krux Atax Pro RGB Outemu Brown, mechaniczna;339,00
13;Klawiatura gamingowa Krux Atax Pro RGB Outemu Red, mechaniczna;189,00
13;Klawiatura gamingowa Krux Atax RGB Outemu Blue, mechaniczna;699,00
13;Klawiatura gamingowa Krux Atax RGB Outemu Brown, mechaniczna;699,00
13;Klawiatura gamingowa Krux Atax RGB Outemu Red, mechaniczna;237,00
13;Klawiatura gamingowa Krux Comet RGB Outemu Blue, mechaniczna;237,00
13;Klawiatura gamingowa Krux Comet RGB Outemu Brown, mechaniczna;237,00
13;Klawiatura gamingowa Krux Crato RGB Outemu Brown, mechaniczna;179,00
13;Klawiatura gamingowa Krux Ergo Line Keyboard;179,00
13;Klawiatura gamingowa Krux Meteor RGB Outemu Blue, mechaniczna;179,00
13;Klawiatura gamingowa Krux Meteor RGB Outemu Brown, mechaniczna;132,00
13;Klawiatura gamingowa Krux Neo Pro RGB Wireless Gateron Blue, mechaniczna;148,00
13;Klawiatura gamingowa Krux Neo Pro RGB Wireless Gateron Brown, mechaniczna;148,00
13;Klawiatura gamingowa Krux Neo Pro RGB Wireless Gateron Red, mechaniczna;147,00
13;Klawiatura gamingowa Krux Solar RGB;147,00
13;Klawiatura LOGIC przewodowa gamingowa K-LC-LK21-100;178,00
13;Klawiatura LOGIC przewodowa gamingowa K-LC-STARR-TWO;59,00
13;Klawiatura LOGIC przewodowa K-LC-LK12-100;167,00
13;Klawiatura LOGIC przewodowa K-LC-LK15-100;167,00
13;Klawiatura Logitech 920-002479 K120 for Business;263,00
13;Klawiatura Logitech 920-003738 Wireless K270;263,00
13;Klawiatura Logitech 920-005217 Comfort K280E for Business;263,00
13;Klawiatura Logitech 920-007145 Wireless Touch K400 Plus;55,00
13;Klawiatura Modecom bezprzewodowa K-MC-700W-100;282,00
13;Klawiatura Modecom BEZPRZEWODOWA MECHANICZNA Volcano Lanparty BT RGB K-MC-LANPARTY-U-BT-RGB;217,00
13;Klawiatura Modecom BEZPRZEWODOWA z panelem dotykowym K-MC-TPK1-100-U;25,00
13;Klawiatura Modecom przewodowa K-MC-5006-100-U;59,00
13;Klawiatura Modecom przewodowa K-MC-5008-100-U-L;25,00
13;Klawiatura Modecom PRZEWODOWA MECHANICZNA Blade (brązowy przełącznik) K-MC-BLADE-BROWN, mechaniczna;20,00
13;Klawiatura Modecom PRZEWODOWA MECHANICZNA Blade (czerwony przełącznik) K-MC-BLADE-RED, mechaniczna;49,00
13;Klawiatura Modecom PRZEWODOWA MECHANICZNA Blade (niebieski przełącznik) K-MC-BLADE-BLUE, mechaniczna;139,00
13;Klawiatura Modecom PRZEWODOWA MECHANICZNA Volcano Hammer 2 (brązowy przełącznik) K-MC-HAMMER2-U-BROWN-RGB, mechaniczna;105,00
13;Klawiatura Modecom PRZEWODOWA MECHANICZNA Volcano Hammer 2 (niebieski przełącznik) K-MC-HAMMER2-U-BLUE-RGB, mechaniczna;189,00
13;Klawiatura Modecom PRZEWODOWA MECHANICZNA Volcano Lanparty 2 RGB (brązowe przełącznik) K-MC-LANPARTY2-U-RGB-BROWN, mechaniczna;129,00
13;Klawiatura Modecom PRZEWODOWA MECHANICZNA Volcano Lanparty 2 RGB (niebieskie przełącznik) K-MC-LANPARTY2-U-RGB-BLUE, mechaniczna;279,00
13;Klawiatura Modecom PRZEWODOWA MECHANICZNA Volcano Lanparty RGB (brązowe przełącznik) K-MC-LANPARTY-U-RGB-BROWN;145,00
13;Klawiatura Modecom VOYAGER BEZPRZEWODOWA PODŚWIETLANA Z PADEM K-MC-TPK2-100-BL;35,00
13;Klawiatura MSI Vigor GK30 Keyboard US;65,00
13;Klawiatura MSI VIGOR GK50 LOW PROFILE US;259,00
13;Klawiatura Natec Barracuda Slim, multimedialna (NKL-0876);265,00
13;Klawiatura Natec Dolphin US Slim Bluetooth X-Scissors 2.4Ghz;259,00
13;Klawiatura Natec FlameBack Slim OEM;225,00
13;Klawiatura Natec Moray z czytnikiem Kart Smart ID;225,00
13;Klawiatura Natec Nautilius Slim;249,00
13;Klawiatura Natec Trout Slim, czarna, NKL-0967;249,00
13;Klawiatura Natec Turbot Slim Touchpad do Smart TV, bezprzewodowa 2.4Ghz, czarna;279,00
13;Klawiatura numeryczna Natec Goby USB Czarna;279,00
13;Klawiatura Slim Multimedialna Natec Discus Biała;219,00
13;Klawiatura Slim Multimedialna Natec Discus Czarno-szara;279,00