10;Płyta główna ASRock A320M Pro4-F AM4;259,00
10;Płyta główna ASRock B450M PRO4 AM4;325,00
10;Płyta główna ASRock B550 EXTREME4 AM4;889,00
10;Płyta główna ASRock B550 PHANTOM GAMING 4 AM4;485,00
10;Płyta główna ASRock B550 PHANTOM GAMING 4/AC AM4;515,00
10;Płyta główna ASRock B550 STEEL LEGEND AM4;875,00
10;Płyta główna ASRock B550M PRO4 AM4;449,00
10;Płyta główna ASRock B550M STEEL LEGEND AM4;635,00
10;Płyta główna ASRock B550M-HDV AM4;335,00
10;Płyta główna ASRock X570 PRO4 AM4;759,00
10;Płyta główna Asus PRIME B550M-A (WI-FI) AM4;495,00
10;Płyta główna Asus PRIME B550M-A AM4;439,00
10;Płyta główna Asus PRIME B550M-K AM4;419,00
10;Płyta główna Asus ROG STRIX B550-A GAMING AM4;719,00
10;Płyta główna Asus ROG STRIX B550-E GAMING AM4;1069,00
10;Płyta główna Asus ROG STRIX B550-I GAMING AM4;919,00
10;Płyta główna Asus TUF GAMING B550-PLUS (WI-FI) AM4;1999,00
10;Płyta główna Asus TUF GAMING B550-PLUS AM4;675,00
10;Płyta główna Asus TUF GAMING B550M-PLUS (WI-FI) AM4;569,00
10;Płyta główna Asus TUF GAMING B550M-PLUS AM4;599,00
10;Płyta główna ASUS TUF GAMING X570-PLUS (WI-FI) s.AM4;549,00
10;Płyta główna ASUS TUF GAMING X570-PLUS AM4;1009,00
10;Płyta główna ASUS TUF GAMING X570-PRO (WI-FI) s.AM4;949,00
10;Płyta główna Gigabyte A520M AORUS ELITE AM4;1149,00
10;Płyta główna Gigabyte A520M S2H AM4;345,00
10;Płyta główna Gigabyte B450M DS3H V2 AM4;279,00
10;Płyta główna Gigabyte B550 AORUS ELITE AX V2 AM4;299,00
10;Płyta główna Gigabyte B550 AORUS ELITE V2 AM4;809,00
10;Płyta główna Gigabyte B550 AORUS MASTER AM4;605,00
10;Płyta główna Gigabyte B550 AORUS PRO AC AM4;1175,00
10;Płyta główna Gigabyte B550 AORUS PRO V2 AM4;825,00
10;Płyta główna Gigabyte B550 GAMING X AM4;809,00
10;Płyta główna Gigabyte B550 GAMING X V2 AM4;419,00
10;Płyta główna Gigabyte B550M DS3H AM4;469,00
10;Płyta główna Gigabyte B550M S2H AM4;415,00
10;Płyta główna Gigabyte X570 AORUS ELITE AM4;355,00
10;Płyta główna Gigabyte X570 AORUS MASTER AM4;949,00
10;Płyta główna Gigabyte X570 AORUS PRO AM4;1599,00
10;Płyta główna Gigabyte X570 AORUS ULTRA AM4;1169,00
10;Płyta główna Gigabyte X570 GAMING X AM4;1419,00
10;Płyta główna Gigabyte X570 I AORUS PRO WIFI AM4;725,00
10;Płyta główna Gigabyte X570 UD AM4;999,00
10;MSI B450 TOMAHAWK MAX AM4;609,00
10;Płyta główna MSI A320M-A PRO M2 AM4;1249,00
10;Płyta główna MSI A520M PRO AM4;1149,00
10;Płyta główna MSI A520M-A PRO AM4;1375,00
10;Płyta główna MSI B450 GAMING PLUS MAX AM4;785,00
10;Płyta główna MSI B550-A PRO AM4;399,00
10;Płyta główna MSI B550M PRO AM4;275,00
10;Płyta główna MSI B550M PRO-VDH AM4;295,00
10;Płyta główna MSI B550M PRO-VDH WIFI AM4;225,00
10;Płyta główna MSI B550M-A PRO AM4;425,00
10;Płyta główna MSI MAG B550 TOMAHAWK AM4;599,00
10;Płyta główna MSI MAG B550 TORPEDO AM4;419,00
10;Płyta główna MSI MAG B550M BAZOOKA AM4;475,00
10;Płyta główna MSI MAG B550M MORTAR AM4;549,00
10;Płyta główna MSI MAG B550M MORTAR WIFI AM4;385,00
10;Płyta główna MSI MAG X570 TOMAHAWK WIFI AM4;745,00
10;Płyta główna MSI MEG X570 ACE AM4;739,00
10;Płyta główna MSI MEG X570 GODLIKE AM4;509,00
10;Płyta główna MSI MPG B550 GAMING EDGE WIFI AM4;529,00
10;Płyta główna MSI MPG B550 GAMING PLUS AM4;689,00
10;Płyta główna MSI MPG X570 GAMING EDGE WI-FI AM4;959,00
10;Płyta główna MSI MPG X570 GAMING PLUS AM4;1265,00
10;Płyta główna MSI MPG X570 GAMING PRO CARBON WIFI AM4;1145,00
10;Płyta główna MSI X570-A PRO AM4;1599,00
10;Płyta główna ASRock H410M-HDV/M.2 DDR4 LGA1200;3299,00
10;Płyta główna ASRock Z590 EXTREME DDR4 LGA1200;765,00
10;Płyta główna Gigabyte B460M DS3H V2 DDR4 LGA1200;799,00
10;Płyta główna Gigabyte B560M AORUS ELITE DDR4 LGA1200;919,00
10;Płyta główna Gigabyte H510M H DDR4 LGA1200;719,00
10;Płyta główna Gigabyte H510M S2 DDR4 LGA1200;1155,00
10;Płyta główna Gigabyte H510M S2H DDR4 LGA1200;1365,00
10;Płyta główna Gigabyte Z590 AORUS ELITE AX DDR4 LGA1200;949,00
10;Płyta główna Gigabyte Z590 AORUS MASTER DDR4 LGA1200;475,00
10;Płyta główna Gigabyte Z590 AORUS PRO AX DDR4 LGA1200;669,00
10;Płyta główna Gigabyte Z590 GAMING X DDR4 LGA1200;339,00
10;Płyta główna Gigabyte Z590 UD AC DDR4 LGA1200;799,00
10;Płyta główna Gigabyte Z590 VISION G DDR4 LGA1200;669,00
