11;Aerocool KCAS PLUS RGB 80Plus Gold 650W;291,00
11;Aerocool KCAS PLUS RGB 80Plus Gold 750W;339,99
11;Aerocool KCAS PLUS RGB 80Plus Gold 850W;469,00
11;Aerocool KCAS-500Plus 80Plus Bronze DC-DC 500W;189,00
11;Aerocool PGS LUX 80Plus Bronze 550W;189,00
11;Aerocool PGS LUX 80Plus Bronze 650W;199,00
11;Aerocool PGS LUX 80Plus Bronze 750W;269,00
11;Aerocool PGS LUX 80Plus Bronze 850W;339,00
11;Aerocool PGS LUX RGB 80Plus Bronze 550W;479,00
11;Aerocool PGS LUX RGB 80Plus Bronze 650W;188,00
11;Aerocool PGS LUX RGB 80Plus Bronze 750W;225,00
11;Aerocool PGS LUX RGB Modular 850W;261,60
11;Aerocool PGS VX-400Plus 400W;350,00
11;Aerocool PGS VX-450Plus 80Plus 450W;159,00
11;Aerocool PGS VX-500Plus 500W;158,00
11;Aerocool PGS VX-550Plus 80Plus 550W;174,18
11;Aerocool PGS VX-600Plus 600W;179,00
11;Aerocool PGS VX-650Plus 80Plus 650W;191,00
11;Aerocool PGS VX-700Plus 700W;199,99
11;Aerocool PGS VX-800Plus 800W;226,00
11;be quiet! Dark Power 12 1000W;249,00
11;be quiet! Dark Power 12 750W;263,00
11;be quiet! Dark Power 12 850W;1197,00
11;be quiet! Dark Power PRO 11 1000W (BN254);899,00
11;be quiet! Dark Power PRO 11 650W (BN251);1039,00
11;be quiet! Dark Power PRO 12 1500W (BN312);1399,00
11;be quiet! Dark Power PRO 12 Titanium 1200W (BN311);799,00
11;be quiet! Pure Power 11 300W;1844,00
11;be quiet! Pure Power 11 350W;1679,00
11;be quiet! Pure Power 11 400W;239,00
11;be quiet! Pure Power 11 500W;269,00
11;be quiet! Pure Power 11 500W CM;299,00
11;be quiet! Pure Power 11 600W;307,00
11;be quiet! Pure Power 11 600W CM;348,00
11;be quiet! Pure Power 11 700W;379,00
11;be quiet! Pure Power 11 700W CM;459,00
11;be quiet! Straight Power 11 1000W 80Plus Gold (BN285);489,00
11;be quiet! Straight Power 11 450W 80Plus Gold (BN280);539,00
11;be quiet! Straight Power 11 550W 80Plus Gold (BN281);689,00
11;be quiet! Straight Power 11 650W 80Plus Gold (BN282);397,00
11;be quiet! Straight Power 11 750W 80Plus Gold (BN283);411,00
11;be quiet! Straight Power 11 850W 80Plus Gold (BN284);487,00
11;be quiet! Straight Power 11 Platinum 1000W (BN309);544,00
11;be quiet! Straight Power 11 Platinum 1200W (BN310);865,00
11;be quiet! Straight Power 11 Platinum 550W (BN305);428,00
11;be quiet! Straight Power 11 Platinum 650W (BN306);459,00
11;be quiet! Straight Power 11 Platinum 750W (BN307);493,00
11;be quiet! Straight Power 11 Platinum 850W (BN308);548,00
11;be quiet! System Power 9 400W 80Plus Bronze (BN245);684,00
11;be quiet! System Power 9 400W CM 80Plus Bronze (BN300);949,00
11;be quiet! System Power 9 500W 80Plus Bronze (BN246);989,00
11;be quiet! System Power 9 500W CM 80Plus Bronze (BN301);499,00
11;be quiet! System Power 9 600W 80Plus Bronze (BN247);559,00
11;be quiet! System Power 9 600W CM 80Plus Bronze (BN302);621,00
11;be quiet! System Power 9 700W 80Plus Bronze (BN248);746,00
11;be quiet! System Power 9 700W CM 80Plus Bronze (BN303);239,00
11;be quiet! TFX Power 2 TFX-300W BN228 80Plus Bronze;229,00
11;Corsair CV450 80Plus Bronze 450W;234,15
11;Corsair CV550 80Plus Bronze 550W;269,00
11;Corsair CV650 80Plus Bronze 650W;264,30
11;Corsair CX650F RGB 650W Czarny (CP-9020217-EU);349,00
11;Corsair CX750F RGB 750W Bia≈Çy (CP-9020227-EU);329,00
11;Corsair RM550x 550W RMx (CP-9020177-EU);369,00
11;Corsair RM650x 650W RMx (CP-9020178-EU);229,00
11;Corsair RM750x 750W RMx (CP-9020179-EU);289,00
11;Corsair TX550M 550W (CP-9020133-EU);189,00
11;Gigabyte GP-P750GM 750W 80 PLUS Gold;249,00
11;Lamptron Deluxe Modding Tool Kit - silver;279,00
11;Modecom 350W ATX;399,00
11;Modularny MSI MPG A650GF 650W 80+Gold;449,00
11;Modularny MSI MPG A750GF 750W 80+Gold;399,00
11;Modularny MSI MPG A850GF 850W 80+Gold;499,00
11;NeoTEC Magnus MG-400W, ATX12V 2.4, 400W;519,00
11;NeoTEC Magnus MG-700W, ATX12V 2.4, 700W;349,00
11;NeoTEC Modus MD-700W, odpinane okablowanie, ATX12V 2.4, 700W;699,00
11;Morex 150W;799,00
11;Pasywny zasilacz Seasonic PRIME PX-450 Fanless 80Plus Platinum 450W;799,00
11;Pasywny zasilacz Seasonic PRIME PX-500 Fanless 80Plus Platinum 500W;699,00
11;Pasywny zasilacz Seasonic PRIME Titanium 600W Fanless (SSR-600TL) 80Plus Titanium;449,00
11;Pasywny zasilacz Seasonic PRIME TX-700 Fanless 80Plus Titanium 700W;199,00
11;Seasonic A12 80Plus 500W;139,00
11;Seasonic A12 80Plus 600W;99,00
11;Seasonic A12 80Plus 700W;479,00
11;Seasonic B12-BC-550 80Plus Bronze 550W;519,00
11;Seasonic B12-BC-650 80Plus Bronze 650W;599,00
11;Seasonic B12-BC-750 80Plus Bronze 750W;179,00
11;Seasonic B12-BC-850 80Plus Bronze 850W;239,00
11;Seasonic CONNECT 750 Gold;259,00
11;Seasonic CORE GC-500 Gold 500W (SSR-500LC);49,00
11;Seasonic CORE GC-650 Gold 650W (SSR-650LC);693,00
11;Seasonic CORE GM-500 Gold 500W (SSR-500LM);849,00
11;Seasonic CORE GM-650 Gold 650W (SSR-650LM);989,00
11;Seasonic FOCUS GX-1000 80Plus Gold 1000W;1199,00
11;Seasonic FOCUS GX-550 80Plus Gold 550W;199,00
11;Seasonic FOCUS GX-650 80Plus Gold 650W;249,00
11;Seasonic FOCUS GX-750 80Plus Gold 750W;299,00
11;Seasonic FOCUS GX-850 80Plus Gold 850W;239,00
11;Seasonic FOCUS PX-550 80Plus Platinum 550W;269,00
11;Seasonic FOCUS PX-650 80Plus Platinum 650W;329,00
11;Seasonic FOCUS PX-750 80Plus Platinum 750W;379,00
11;Seasonic FOCUS PX-850 80Plus Platinum 850W;689,00
11;Seasonic FOCUS SGX-500 Gold SFX-L 500W;269,00
11;Seasonic FOCUS SGX-650 Gold SFX-L 650W;369,00
11;Seasonic G12-GC-550 80Plus Gold 550W;297,00
