14;AOC 24G2U/BK 23,8" IPS 144Hz FullHD Pivot;1699,00
14;AOC 24G2U5/BK 23,8" IPS 75Hz FullHD Pivot;825,00
14;AOC 27G2U/BK 27" IPS 144Hz FullHD Pivot;948,00
14;AOC 27G2U5/BK 27" IPS 75Hz FullHD;1449,00
14;AOC C24G1 24" VA 144Hz FullHD;819,00
14;AOC CQ27G2U/BK 27" VA 144Hz Curved HDMIx2 DPx2;839,00
14;AOC G2790PX 27" TN 144Hz FullHD 1ms;1298,00
14;AOC Q27G2U/BK 27" VA 144Hz QHD;799,00
14;Asus VG27WQ 27" WQHD 165Hz 1ms HDR400;1097,00
14;Samoprzylepna taśma LED Baseus GAMO z pilotem , RGB, 5W, 1,5m (DGKU-01);1048,00
14;BenQ EX3203R Gaming Ultra QHD 31,5" 144Hz HDR FreeSync;1449,00
14;BenQ ZOWIE XL2740 27" FHD 240Hz 1ms;1249,00
14;Dell S2721DGFA 27" WQHD IPS 165Hz 1ms;1059,00
14;EIZO ColorEdge CS2410 - LCD 24" 100% sRGB;1398,00
14;EIZO FlexScan EV2451-BK - LCD IPS 23.8", 1920 x 1080 (16:9), złącza HDMI, DisplayPort, DVI-D, D-Sub (cz;4489,00
14;EIZO FlexScan EV2456-BK - LCD IPS 24.1", 1920 x 1200 (16:10), złącza HDMI, DisplayPort, DVI-D, D-Sub (c;1249,00
14;EIZO FlexScan EV2760 - LCD IPS 27", 2560x 1440, złącza DisplayPort, HDMI, D-Sub (czarny);1498,00
14;EIZO FlexScan EV2785-BK - LCD IPS 27", 4K UHD 3840 x 2160 (16:9), złącza USB-C, DisplayPort, HDMI (czarny);1648,00
14;EIZO - zestaw czyszczący do ów LCD i CRT;789,00
14;EIZO ColorEdge CG247X - ColorEdge LCD 24,1", AdobeRGB, 1920x1200 (czarny);898,00
14;EIZO ColorEdge CG279X - ColorEdge LCD 27", AdobeRGB, 2560x1440;839,00
14;EIZO ColorEdge CG319X - LCD 32", 4K DCI 4096x2160, ColorEdge, kalibracja sprzętowa, 99% AdobeRGB, DCI-P3 98%;835,00
14;EIZO ColorEdge CS2731-BK - LCD 27" z kalibracją sprzętową, licencja ColorNavigator, 99% AdobeRGB, USB-C;1049,00
14;EIZO FlexScan EV2360-BK - LCD 22.5", 1920 x 1200, złącza DisplayPort, HDMI i D-Sub (czarny);989,00
14;EIZO FlexScan EV2360-WT - LCD 22.5", 1920 x 1200, złącza DisplayPort, HDMI i D-Sub (biały);849,00
14;EIZO FlexScan EV2430-BK - LCD IPS 24,1", 1920 x 1200 (16:10), złącza D-Sub, DVI-D, DisplayPort, (czarny);1297,00
14;EIZO FlexScan EV2430-GY - LCD IPS 24,1", 1920 x 1200 (16:10), złącza D-Sub, DVI-D, DisplayPort, (beżowy);999,00
14;EIZO FlexScan EV2456-WT - LCD 24,1" 1920 x 1200 (16:10), złącza D-Sub, HDMI, DisplayPort (biały);1239,00
14;EIZO FlexScan EV2460-BK - LCD IPS 23.8", 1920 x 1080 (16:9), złącza DisplayPort, HDMI, D-Sub (czarny);1599,00
14;EIZO FlexScan EV2460-WT - LCD IPS 23.8", 1920 x 1080 (16:9), złącza DisplayPort, HDMI, D-Sub (biały);59,00
14;EIZO FlexScan EV2760-WT - LCD IPS 27", 2560 x 1440, złącza DisplayPort, HDMI, D-Sub (biały);1999,00
14;EIZO FlexScan EV2785-WT - LCD IPS 27", 4K UHD 3840 x 2160 (16:9), złącza USB-C, DisplayPort, HDMI (biały);2449,00
14;EIZO FlexScan EV3285-WT - LCD IPS 32" 4K UHD, 3840 x 2160, złącza USB-C, DisplayPort, HDMI x 2, funkcje PbP i PiP (biały);719,00
14;EIZO S1934H - LCD 19", IPS, LED backlight, HA stand (czarny);889,00
14;EIZO S2133 - LCD 21,3", IPS, HA stand (szary);1175,00
14;EIZO S2133 - LCD 21,3", IPS, HA stand, gwarancja 5 lat (czarny);1819,00
14;Gigabyte Aorus FI27Q-P 27" IPS WQHD 165Hz;999,00
14;Gigabyte Aorus FI32Q 32" IPS 1ms QHD 170Hz;999,00
14;Gigabyte Aorus FI32U 32" SS IPS 1ms 4K UHD 144Hz;675,00
14;Gigabyte Aorus FV43U Gaming 43" 4K VA QLED 1ms 144Hz;3099,00
14;Gigabyte G24F Gaming 23,8" FHD SS IPS 1ms 165Hz;5899,00
14;Gigabyte G27Q Gaming 27" QHD 144Hz 1ms;2849,00
14;Gigabyte G34WQC Gaming 34" WQHD VA 144Hz 1ms;3599,00
14;Gigabyte M28U Gaming 28" 4K UHD SS IPS 144Hz 1ms;1849,00
14;Gigabyte M32Q Gaming 31,5" 2K QHD SS IPS 165Hz 1ms;2299,00
14;HP OMEN 25 24,5" FHD 144Hz FreeSync (Z7Y57AA);3099,00
14;HP Gaming 24x 23,8" FHD 144Hz FreeSync;3199,00
14;HP Gaming 25x 24,5" FHD 144Hz 1ms FreeSync (3WL50AA);4798,00
14;iiyama G-Master G2230HS-B1 Black Hawk 22" FHD TN 75Hz 0.8ms FreeSync;3899,00
14;iiyama G-Master G2440HSU-B1 Black Hawk 24" FHD 75Hz 1ms FreeSync;99,00
14;iiyama G-Master G2470HSU-B1 Red Eagle 24" FHD IPS 165Hz 0.8ms FreeSync;8029,00
14;iiyama G-Master G2730HSU-B1 Black Hawk 27" FHD TN 75Hz 1ms FreeSync;10979,00
14;iiyama G-Master G2766HSU-B1 Red Eagle 27" FHD VA 165Hz 1ms FreeSync Premium;22029,00
14;iiyama G-Master GB2470HSU-B1 Red Eagle 24" FHD IPS 165Hz 0.8ms FreeSync PIVOT;5309,00
14;iiyama G-Master GB2570HSU-B1 Red Eagle 25" FHD IPS 165Hz0.5ms FreeSync;1669,00
14;iiyama G-Master GB2730HSU-B1 Black Hawk 27" FHD TN 75Hz 1ms PIVOT FreeSync;1669,00
14;iiyama G-Master GB2730QSU-B1 Silver Crow 27" WQHD TN 75Hz 1ms FreeSync PIVOT;1879,00
14;iiyama G-Master GB2760HSU-B1 Red Eagle 27" FHD TN 144Hz 1ms PIVOT FreeSync;1879,00
14;iiyama G-Master GB2760QSU-B1 Red Eagle 27" WQHD 1ms 144Hz FreeSync PIVOT;2329,00
14;iiyama G-Master GB2770QSU-B1 Red Eagle 27" WQHD 165Hz 0,5ms FreeSync PIVOT;1779,00
14;iiyama G-Master GB3266QSU-B1 Red Eagle 32" WQHD 144Hz 1ms FreeSync PIVOT;1779,00
14;iiyama G-Master GB3271QSU-B1 Red Eagle 32" WQHD 165Hz 1ms FreeSync Premium PIVOT;3239,00
14;iiyama G-Master GB3461WQSU-B1 Red Eagle 34" UWQHD IPS 144Hz 1ms FreeSync Premium;4859,00
14;iiyama G-Master GB3466WQSU-B1 Red Eagle 34" UWQHD VA 144Hz 1ms FreeSync;6679,00
14;iiyama ProLite B2791QSU-B1 27" WQHD TN 75Hz 1ms PIVOT;729,00
14;iiyama ProLite B2875UHSU-B1 28" 4K TN 60Hz 1ms;729,00
14;iiyama ProLite E2083HSD-B1 20" HD TN 60Hz 5ms;1829,00
14;iiyama ProLite X2474HS-B2 23.6" FHD VA 75Hz 4ms;3749,00
14;iiyama ProLite X2481HS-B1 24" FHD VA 60Hz 6ms;3749,00
14;iiyama ProLite XB2481HS-B1 24" FHD VA PIVOT 6ms;2059,00