12;Mysz gamingowa Baseus GAMO GM01, 9 programowalnych klawiszy, 6400DPI (czarna) (GMGM01-01);44,00
12;Mysz Cougar 400M gamingowa Optyczna, Iron Grey;85,00
12;Mysz Cougar 400M gamingowa Optyczna, srebrna;159,00
12;Mysz Cougar 450M gamingowa Optyczna, biała;159,00
12;Mysz Cougar 450M gamingowa Optyczna, czarna;189,00
12;Mysz Cougar 530M gamingowa Optyczna, Army green;185,00
12;Mysz Cougar 530M gamingowa Optyczna, srebrna;179,00
12;Mysz Cougar 550M gamingowa Optyczna, niebieska;179,00
12;Mysz Dream Machines DM6 Holey;149,00
12;Mysz Ducky Feather Gaming, ARGB - czarna, lekka;149,00
12;Mysz gamingowa Endgame Gear XM1 RGB biała;317,00
12;Mysz gamingowa Endgame Gear XM1 RGB czarna;339,00
12;Mysz gamingowa Endgame Gear XM1 RGB Dark Frost;339,00
12;Mysz gamingowa Endgame Gear XM1 RGB Dark Reflex;339,00
12;Mysz gamingowa Endgame Gear XM1r Black;339,00
12;Mysz gamingowa Endgame Gear XM1r Dark Frost;289,00
12;Mysz gamingowa Endgame Gear XM1r Dark Reflex;293,00
12;Mysz gamingowa Endgame Gear XM1r White;279,00
12;Mysz dla graczy Fury Stalker bezprzewodowa gamingowa;289,00
12;Mysz Fury Battler, podświetlana gamingowa;27,00
12;Mysz Fury Brawler, podświetlana gamingowa;39,00
12;Mysz Fury Gladiator, gamingowa podświetlana optyczna (NFU-0870);25,00
12;Mysz Fury Hunter 2.0 RGB, gamingowa z oprogramowaniem;45,00
12;Mysz Fury Hustler, gamingowa z oprogramowaniem, podświetlenie RGB;55,00
12;Mysz Fury Scrapper, gamingowa z oprogramowaniem, podświetlenie RGB;35,00
12;Mysz Fury Warrior, gamingowa podświetlana optyczna;38,00
12;Mysz Gembird Phoenix Touch Mouse Black, dotykowy scroll USB;28,00
12;Mysz Gembird Phoenix Touch Mouse White, dotykowy scroll USB;39,00
12;Cicha mysz gamingowa Genesis Krypton 200;29,00
12;Cicha mysz gamingowa Genesis Xenon 220, RGB (NMG-1572);79,00
12;Mysz dla graczy Genesis Krypton 220;103,00
12;Mysz Genesis Krypton 110, optyczna (NMG-1056);88,99
12;Mysz Genesis Krypton 190, RGB, 3200dpi, optyczna z oprogramowaniem (NMG-1057);199,00
12;Mysz Genesis Krypton 300, 4000dpi, RGB, Optyczna Gamingowa czarna (NMG-1409);161,00
12;Mysz Genesis Krypton 310 RGB, Optyczna Gamingowa;89,00
12;Mysz Genesis Krypton 510 RGB dla graczy;55,00
12;Mysz Genesis Krypton 550 Lekka Biała dla graczy;79,00
12;Mysz Genesis Krypton 550 Lekka Czarna dla graczy;89,90
12;Mysz Genesis Krypton 700 RGB, optyczna z oprogramowaniem;89,90
12;Mysz Genesis Xenon 200, Optyczna USB RGB (NMG-0880);87,00
12;Mysz Genesis Xenon 750, Optyczna USB RGB (NMG-1162);92,00
12;Mysz Genesis Xenon 770 RGB;99,00
12;Mysz Genesis Xenon 800 RGB, czarna, lekka;119,00
12;Mysz Genesis Zircon 330 bezprzewodowa, 3600DPI;138,00
12;Mysz Gigabyte Gaming Mouse FORCE M7 THOR;129,00
12;Mysz Gigabyte Gaming Mouse FORCE M7, Czarny;175,00
12;Mysz Gigabyte M5050V2-Black;138,99
12;Mysz przewodowa Gigabyte AORUS M3 optyczna Gaming USB czarna;199,00
12;Mysz przewodowa Gigabyte XM300 optyczna Gaming USB czarna;119,00