9;HLDS Blu-Ray BH16NS55 Sata Black Oem;339,00
9;LiteOn nagrywarka zewnętrzna EB1 BLU-RAY/DVD USB Ultra-Slim Czarna;399,00
9;ASUS DVD Recorder DRW-24D5MT/BLK/B/AS Sata Black Oem;79,00
9;Gembird nagrywarka zewnętrzna DVD-USB-02 USB Slim Czarna;75,00
9;Gembird nagrywarka zewnętrzna DVD-USB-02-SV USB Slim Silver;79,00
9;Hitachi HLDS DVDRW+- GH24NSD5 SATA OEM Black;65,00
9;LiteOn DVDRW+- DS-8ACSH SATA Slim 12,7mm OEM Black;87,80
9;LiteOn DVDRW+- DU-8AESH SATA Slim 9,5mm OEM Black;50,00
9;LiteOn iHAS122-14 DVDRW+- SATA OEM Black;75,00
9;LiteOn iHAS124-14 DVDRW+- SATA OEM Black;59,00
9;LiteOn nagrywarka zewnętrzna eBAU108-L11 USB Slim Czarna;69,00
9;LiteOn nagrywarka zewnętrzna eBAU108-L21 USB Slim Biała;55,00
9;LiteOn nagrywarka zewnętrzna ES1 USB Ultra-Slim Czarna;59,00
9;LiteOn nagrywarka zewnętrzna ES1-21 USB Ultra-Slim Biała;69,00