7;Obudowa do komputera Aerocool BIONIC Black RGB;179,00
7;Obudowa do komputera Aerocool CS-107 v2 mATX FRGB Mesh;169,00
7;Obudowa do komputera Aerocool Cylon Mini Black Glass RGB;189,00
7;Obudowa do komputera Aerocool Cylon Mini Black RGB;349,00
7;Obudowa do komputera Aerocool Cylon Mini White RGB;197,00
7;Obudowa do komputera Aerocool Cylon Pro Black Glass RGB;158,00
7;Obudowa do komputera Aerocool Cylon Pro Black RGB;189,00
7;Obudowa do komputera Aerocool Cylon RGB;169,00
7;Obudowa do komputera Aerocool Cylon RGB Black Glass;169,00
7;Obudowa do komputera Aerocool Glider Cosmo;279,00
7;Obudowa do komputera Aerocool GLO RGB Black;259,00
7;Obudowa do komputera Aerocool Hive Mesh ARGB;195,00
7;Obudowa do komputera Aerocool Hive Mesh FRGB;235,00
7;Obudowa do komputera Aerocool KLAW Black Glass RGB;189,00
7;Obudowa do komputera Aerocool Mecha ARGB;279,00
7;Obudowa do komputera be quiet! Dark Base 700 Black RGB (BGW23);199,00
7;Obudowa do komputera be quiet! Dark Base 900 Black (BG011);399,00
7;Obudowa do komputera be quiet! Dark Base 900 Black / Orange (BG010);265,00
7;Obudowa do komputera be quiet! Dark Base 900 Black / Silver (BG012);183,00
7;Obudowa do komputera be quiet! Dark Base Pro 900 Black Rev.2 (BGW15);333,00
7;Obudowa do komputera be quiet! Dark Base Pro 900 Orange Rev.2 (BGW14);368,98
7;Obudowa do komputera be quiet! Dark Base Pro 900 Silver Rev.2 (BGW16);195,00
7;Obudowa do komputera be quiet! Pure Base 500 Biała (BG035);769,00
7;Obudowa do komputera be quiet! Pure Base 500 Biała z oknem;799,00
7;Obudowa do komputera be quiet! Pure Base 500 Czarna (BG034);799,00
7;Obudowa do komputera be quiet! Pure Base 500 Czarna z oknem;799,00
7;Obudowa do komputera be quiet! Pure Base 500 Szara (BG036);1099,00
7;Obudowa do komputera be quiet! Pure Base 500 Szara z oknem;1099,00
7;Obudowa do komputera be quiet! Pure Base 500DX Biała z oknem ARGB;1099,00
7;Obudowa do komputera be quiet! Pure Base 500DX Czarna z oknem ARGB;389,00
7;Obudowa do komputera be quiet! Pure Base 600 Czarna (BG021);405,00
7;Obudowa do komputera be quiet! Pure Base 600 Czarna z oknem (BGW21);379,00
7;Obudowa do komputera be quiet! Pure Base 600 Pomarańczowa z oknem (BGW20);399,00